label,item,condition,red,green,blue,gr_ratio,pair,group
mango_ripe,mango,ripe,160.6842,125.7068,81.592,0.7823220902719614,Mango Ripe vs Orange Ripe,A
mango_ripe,mango,ripe,102.1834,96.4136,91.2823,0.943534850635868,Mango Ripe vs Orange Ripe,A
mango_ripe,mango,ripe,169.516,169.0686,145.354,0.997360715228293,Mango Ripe vs Orange Ripe,A
mango_ripe,mango,ripe,149.7274,146.0974,136.6548,0.9757559339455842,Mango Ripe vs Orange Ripe,A
mango_ripe,mango,ripe,244.4759,237.1196,210.1303,0.9699099135337679,Mango Ripe vs Orange Ripe,A
mango_ripe,mango,ripe,121.6859,110.182,107.3797,0.9054623345394797,Mango Ripe vs Orange Ripe,A
mango_ripe,mango,ripe,115.4523,105.4859,100.3543,0.9136751635638688,Mango Ripe vs Orange Ripe,A
mango_ripe,mango,ripe,96.9088,89.851,82.0595,0.9271706911325835,Mango Ripe vs Orange Ripe,A
mango_ripe,mango,ripe,176.4391,163.6107,127.3336,0.927292754682535,Mango Ripe vs Orange Ripe,A
mango_ripe,mango,ripe,179.4062,98.2265,70.0918,0.5475089459143053,Mango Ripe vs Orange Ripe,A
mango_ripe,mango,ripe,169.4618,160.5132,133.2544,0.9471939932940994,Mango Ripe vs Orange Ripe,A
mango_ripe,mango,ripe,246.7511,242.1147,224.075,0.981210211499725,Mango Ripe vs Orange Ripe,A
mango_ripe,mango,ripe,120.308,114.3525,110.1851,0.9504978808516651,Mango Ripe vs Orange Ripe,A
mango_ripe,mango,ripe,94.655,87.7835,78.1959,0.9274047760033303,Mango Ripe vs Orange Ripe,A
mango_ripe,mango,ripe,165.3814,90.2076,74.0327,0.5454519036273008,Mango Ripe vs Orange Ripe,A
mango_ripe,mango,ripe,181.0868,176.7709,151.5215,0.9761666726886407,Mango Ripe vs Orange Ripe,A
mango_ripe,mango,ripe,179.5907,173.2178,147.403,0.964514304111993,Mango Ripe vs Orange Ripe,A
mango_ripe,mango,ripe,115.975,110.9319,107.0554,0.956515620120581,Mango Ripe vs Orange Ripe,A
mango_ripe,mango,ripe,179.9687,171.8626,142.532,0.9549582735500212,Mango Ripe vs Orange Ripe,A
mango_ripe,mango,ripe,246.0324,243.171,234.8016,0.9883698204449096,Mango Ripe vs Orange Ripe,A
mango_ripe,mango,ripe,198.8988,192.3167,165.895,0.9669072866859565,Mango Ripe vs Orange Ripe,A
mango_ripe,mango,ripe,183.2434,174.5247,144.2468,0.9524201092513012,Mango Ripe vs Orange Ripe,A
mango_ripe,mango,ripe,114.0589,104.5683,88.515,0.9167921055104677,Mango Ripe vs Orange Ripe,A
mango_ripe,mango,ripe,245.4014,239.2042,222.552,0.9747466763647368,Mango Ripe vs Orange Ripe,A
mango_ripe,mango,ripe,136.381,127.9724,119.2787,0.9383447772171726,Mango Ripe vs Orange Ripe,A
mango_ripe,mango,ripe,233.6606,235.259,214.6083,1.0068406868473303,Mango Ripe vs Orange Ripe,A
mango_ripe,mango,ripe,239.27,204.1448,143.9302,0.8531984751402245,Mango Ripe vs Orange Ripe,A
mango_ripe,mango,ripe,174.4775,166.3091,144.2269,0.953183642858342,Mango Ripe vs Orange Ripe,A
mango_ripe,mango,ripe,227.6871,227.3617,208.6371,0.9985708413055864,Mango Ripe vs Orange Ripe,A
mango_ripe,mango,ripe,199.0151,182.3983,104.5992,0.9165048234204097,Mango Ripe vs Orange Ripe,A
mango_ripe,mango,ripe,155.6158,163.0072,155.7738,1.047497740926707,Mango Ripe vs Orange Ripe,A
mango_ripe,mango,ripe,188.8399,185.3174,162.1952,0.9813466275858723,Mango Ripe vs Orange Ripe,A
mango_ripe,mango,ripe,174.6678,168.8139,138.237,0.9664855172705815,Mango Ripe vs Orange Ripe,A
mango_ripe,mango,ripe,170.1662,95.922,79.128,0.5636959598104914,Mango Ripe vs Orange Ripe,A
mango_ripe,mango,ripe,147.4215,148.4477,142.5104,1.0069609859690682,Mango Ripe vs Orange Ripe,A
mango_ripe,mango,ripe,171.9503,91.3705,68.5511,0.5313773774667601,Mango Ripe vs Orange Ripe,A
mango_ripe,mango,ripe,169.2172,98.7153,81.014,0.58336445359358,Mango Ripe vs Orange Ripe,A
mango_ripe,mango,ripe,245.5168,242.4798,231.214,0.9876301703686666,Mango Ripe vs Orange Ripe,A
mango_ripe,mango,ripe,164.184,155.8228,121.9597,0.9490742036430213,Mango Ripe vs Orange Ripe,A
mango_ripe,mango,ripe,128.227,120.7538,111.8096,0.9417189753973891,Mango Ripe vs Orange Ripe,A
mango_ripe,mango,ripe,144.6598,139.9913,130.6178,0.967727724165748,Mango Ripe vs Orange Ripe,A
mango_ripe,mango,ripe,52.7557,51.5994,51.3995,0.9780819707049293,Mango Ripe vs Orange Ripe,A
mango_ripe,mango,ripe,243.5102,235.8475,217.9845,0.9685323203359353,Mango Ripe vs Orange Ripe,A
mango_ripe,mango,ripe,185.8046,180.7461,140.0542,0.9727751574892379,Mango Ripe vs Orange Ripe,A
mango_ripe,mango,ripe,147.4085,141.9289,134.8937,0.9628271031668655,Mango Ripe vs Orange Ripe,A
mango_ripe,mango,ripe,169.9646,94.0976,75.2289,0.5536305762868823,Mango Ripe vs Orange Ripe,A
mango_ripe,mango,ripe,171.1474,95.9068,84.0723,0.5603754391806394,Mango Ripe vs Orange Ripe,A
mango_ripe,mango,ripe,140.3706,94.3037,19.021,0.6718194502850352,Mango Ripe vs Orange Ripe,A
mango_ripe,mango,ripe,233.0167,226.1752,188.7146,0.9706394392734966,Mango Ripe vs Orange Ripe,A
mango_ripe,mango,ripe,112.854,104.6962,98.3599,0.9277136749453837,Mango Ripe vs Orange Ripe,A
mango_ripe,mango,ripe,175.2516,169.9726,142.5123,0.9698775875947633,Mango Ripe vs Orange Ripe,A
mango_ripe,mango,ripe,242.4263,226.3263,187.5094,0.9335880598202916,Mango Ripe vs Orange Ripe,A
mango_ripe,mango,ripe,134.2291,120.9411,109.7506,0.9010050659580892,Mango Ripe vs Orange Ripe,A
mango_ripe,mango,ripe,168.9576,160.6066,130.6012,0.950573392670271,Mango Ripe vs Orange Ripe,A
mango_ripe,mango,ripe,231.5662,225.2294,205.8081,0.97263503493759,Mango Ripe vs Orange Ripe,A
mango_ripe,mango,ripe,123.2991,103.6974,92.3181,0.8410231636644294,Mango Ripe vs Orange Ripe,A
mango_ripe,mango,ripe,121.8195,119.5435,111.3327,0.9813166120258529,Mango Ripe vs Orange Ripe,A
mango_ripe,mango,ripe,60.8633,57.875,53.8323,0.950901430732454,Mango Ripe vs Orange Ripe,A
mango_ripe,mango,ripe,170.2682,90.0134,67.4101,0.5286565516716771,Mango Ripe vs Orange Ripe,A
mango_ripe,mango,ripe,240.7374,236.5056,208.9653,0.9824215058299146,Mango Ripe vs Orange Ripe,A
mango_ripe,mango,ripe,172.7685,165.7103,137.2862,0.9591464823787527,Mango Ripe vs Orange Ripe,A
mango_ripe,mango,ripe,172.3862,171.9809,146.9911,0.997648877940062,Mango Ripe vs Orange Ripe,A
mango_ripe,mango,ripe,121.7918,112.4976,108.9382,0.9236877940576641,Mango Ripe vs Orange Ripe,A
mango_ripe,mango,ripe,181.0433,173.6951,144.9624,0.95941191439058,Mango Ripe vs Orange Ripe,A
mango_ripe,mango,ripe,105.8087,100.2837,95.1434,0.9477831128462677,Mango Ripe vs Orange Ripe,A
mango_ripe,mango,ripe,112.0562,104.9864,97.4327,0.936908435794642,Mango Ripe vs Orange Ripe,A
mango_ripe,mango,ripe,230.88,230.0024,208.6872,0.9961988868841004,Mango Ripe vs Orange Ripe,A
mango_ripe,mango,ripe,120.2891,108.911,102.3549,0.9054103746273737,Mango Ripe vs Orange Ripe,A
mango_ripe,mango,ripe,179.1177,173.324,143.0535,0.9676542241908297,Mango Ripe vs Orange Ripe,A
mango_ripe,mango,ripe,138.2471,140.4146,133.9435,1.0156784408810136,Mango Ripe vs Orange Ripe,A
mango_ripe,mango,ripe,172.7409,89.9581,36.0449,0.5207689636862551,Mango Ripe vs Orange Ripe,A
mango_ripe,mango,ripe,179.1308,170.4498,139.5217,0.9515382002897426,Mango Ripe vs Orange Ripe,A
mango_ripe,mango,ripe,88.1603,82.3517,74.7514,0.9341131900173525,Mango Ripe vs Orange Ripe,A
mango_ripe,mango,ripe,245.1762,238.6798,220.7275,0.9735031337727597,Mango Ripe vs Orange Ripe,A
mango_ripe,mango,ripe,178.4628,170.5353,139.8722,0.9555789724492783,Mango Ripe vs Orange Ripe,A
mango_ripe,mango,ripe,224.0805,186.4586,110.7841,0.8321054226846806,Mango Ripe vs Orange Ripe,A
mango_ripe,mango,ripe,175.0165,172.0678,145.1603,0.9831518686343752,Mango Ripe vs Orange Ripe,A
mango_ripe,mango,ripe,175.3143,177.3161,158.3266,1.0114183440174684,Mango Ripe vs Orange Ripe,A
mango_ripe,mango,ripe,181.9555,170.3495,140.4705,0.9362151683449241,Mango Ripe vs Orange Ripe,A
mango_ripe,mango,ripe,171.1474,95.9068,84.0723,0.5603754391806394,Mango Ripe vs Orange Ripe,A
orange_ripe,orange,ripe,149.9487,133.2608,122.2565,0.8887092659775692,Mango Ripe vs Orange Ripe,B
orange_ripe,orange,ripe,158.9354,133.632,111.1622,0.8407944306882267,Mango Ripe vs Orange Ripe,B
orange_ripe,orange,ripe,113.3276,100.7171,75.6713,0.8887252453177756,Mango Ripe vs Orange Ripe,B
orange_ripe,orange,ripe,199.4668,170.9322,154.0085,0.8569456127187801,Mango Ripe vs Orange Ripe,B
orange_ripe,orange,ripe,91.5557,70.888,44.7008,0.7742609059374687,Mango Ripe vs Orange Ripe,B
orange_ripe,orange,ripe,235.7757,183.2683,135.5762,0.7772993536768236,Mango Ripe vs Orange Ripe,B
orange_ripe,orange,ripe,212.0043,181.6524,136.6362,0.8568335601832908,Mango Ripe vs Orange Ripe,B
orange_ripe,orange,ripe,75.0898,68.794,59.1721,0.9161563765497261,Mango Ripe vs Orange Ripe,B
orange_ripe,orange,ripe,116.6191,114.381,111.3611,0.9808084526393323,Mango Ripe vs Orange Ripe,B
orange_ripe,orange,ripe,106.0034,110.554,92.2212,1.0429288018787246,Mango Ripe vs Orange Ripe,B
orange_ripe,orange,ripe,187.696,149.5313,123.7936,0.7966674793460303,Mango Ripe vs Orange Ripe,B
orange_ripe,orange,ripe,91.5759,85.1248,80.0865,0.9295545997412572,Mango Ripe vs Orange Ripe,B
orange_ripe,orange,ripe,82.2398,75.4673,52.6467,0.9176493508295331,Mango Ripe vs Orange Ripe,B
orange_ripe,orange,ripe,171.0955,145.4047,120.9303,0.8498452568896011,Mango Ripe vs Orange Ripe,B
orange_ripe,orange,ripe,85.7044,80.5615,76.7721,0.939992568176283,Mango Ripe vs Orange Ripe,B
orange_ripe,orange,ripe,190.693,160.6648,140.1004,0.8425311844560043,Mango Ripe vs Orange Ripe,B
orange_ripe,orange,ripe,99.4393,83.202,46.4625,0.8367114326356738,Mango Ripe vs Orange Ripe,B
orange_ripe,orange,ripe,143.7415,133.8032,113.7223,0.9308599052405888,Mango Ripe vs Orange Ripe,B
orange_ripe,orange,ripe,223.1926,182.3917,147.8295,0.8171942043903149,Mango Ripe vs Orange Ripe,B
orange_ripe,orange,ripe,107.0152,89.4646,59.6193,0.8359989904611776,Mango Ripe vs Orange Ripe,B
orange_ripe,orange,ripe,145.7398,132.8437,116.1913,0.9115128406138006,Mango Ripe vs Orange Ripe,B
orange_ripe,orange,ripe,142.4637,140.6163,128.2569,0.9870324792418527,Mango Ripe vs Orange Ripe,B
orange_ripe,orange,ripe,170.4272,144.5656,124.1873,0.8482542642943481,Mango Ripe vs Orange Ripe,B
orange_ripe,orange,ripe,138.6282,127.8283,91.6905,0.9220944878307986,Mango Ripe vs Orange Ripe,B
orange_ripe,orange,ripe,126.1401,118.7716,92.27,0.9415847859516143,Mango Ripe vs Orange Ripe,B
orange_ripe,orange,ripe,142.7786,130.6872,101.0639,0.9153136330282434,Mango Ripe vs Orange Ripe,B
orange_ripe,orange,ripe,155.1541,129.9928,111.0882,0.8378302549669634,Mango Ripe vs Orange Ripe,B
orange_ripe,orange,ripe,131.3691,127.4815,101.3961,0.9704070365831308,Mango Ripe vs Orange Ripe,B
orange_ripe,orange,ripe,240.5155,162.5976,113.5732,0.6760379240587907,Mango Ripe vs Orange Ripe,B
orange_ripe,orange,ripe,98.8293,73.5781,53.2756,0.7444968167891829,Mango Ripe vs Orange Ripe,B
orange_ripe,orange,ripe,158.676,134.8561,114.3013,0.849883404863474,Mango Ripe vs Orange Ripe,B
orange_ripe,orange,ripe,165.8626,140.926,117.3905,0.8496550708257614,Mango Ripe vs Orange Ripe,B
orange_ripe,orange,ripe,164.7327,147.202,137.6497,0.8935809290227081,Mango Ripe vs Orange Ripe,B
orange_ripe,orange,ripe,159.5356,142.3319,127.6656,0.8921638750713704,Mango Ripe vs Orange Ripe,B
orange_ripe,orange,ripe,177.82,153.7188,130.2402,0.8644629351902883,Mango Ripe vs Orange Ripe,B
orange_ripe,orange,ripe,112.5784,109.9596,86.3067,0.9767379801388367,Mango Ripe vs Orange Ripe,B
orange_ripe,orange,ripe,113.0297,124.7567,122.214,1.103751482099382,Mango Ripe vs Orange Ripe,B
orange_ripe,orange,ripe,120.7997,114.762,87.581,0.9500189077454753,Mango Ripe vs Orange Ripe,B
orange_ripe,orange,ripe,159.0101,144.0468,130.0205,0.9058971668724366,Mango Ripe vs Orange Ripe,B
orange_ripe,orange,ripe,168.2025,141.3573,130.9102,0.840399513441242,Mango Ripe vs Orange Ripe,B
orange_ripe,orange,ripe,170.7453,143.136,117.1455,0.8383012543343726,Mango Ripe vs Orange Ripe,B
orange_ripe,orange,ripe,153.3615,136.724,119.1146,0.891514487720096,Mango Ripe vs Orange Ripe,B
orange_ripe,orange,ripe,119.5595,118.6457,96.8145,0.9923569353137398,Mango Ripe vs Orange Ripe,B
orange_ripe,orange,ripe,83.186,88.5454,78.5654,1.064426693621202,Mango Ripe vs Orange Ripe,B
orange_ripe,orange,ripe,154.0095,132.0591,109.9442,0.8574737217024033,Mango Ripe vs Orange Ripe,B
orange_ripe,orange,ripe,91.4755,82.7045,75.2411,0.9041163928689497,Mango Ripe vs Orange Ripe,B
orange_ripe,orange,ripe,137.0733,132.1359,121.5254,0.9639798490006454,Mango Ripe vs Orange Ripe,B
orange_ripe,orange,ripe,184.2269,149.0089,151.2548,0.8088335590034161,Mango Ripe vs Orange Ripe,B
orange_ripe,orange,ripe,101.6062,91.0853,66.6614,0.8964541445654484,Mango Ripe vs Orange Ripe,B
orange_ripe,orange,ripe,131.016,130.2008,108.095,0.9937778516076063,Mango Ripe vs Orange Ripe,B
orange_ripe,orange,ripe,155.2579,134.765,115.5432,0.8680073550652986,Mango Ripe vs Orange Ripe,B
orange_ripe,orange,ripe,195.6693,169.6843,146.234,0.8671993978248025,Mango Ripe vs Orange Ripe,B
orange_ripe,orange,ripe,157.3609,141.0664,124.2417,0.8964513999573502,Mango Ripe vs Orange Ripe,B
orange_ripe,orange,ripe,88.3726,63.399,42.748,0.7174056130813666,Mango Ripe vs Orange Ripe,B
orange_ripe,orange,ripe,139.9087,136.4624,111.3289,0.9753675005530928,Mango Ripe vs Orange Ripe,B
orange_ripe,orange,ripe,155.8761,129.7672,110.1157,0.8325022191824005,Mango Ripe vs Orange Ripe,B
orange_ripe,orange,ripe,157.3176,135.3033,122.2255,0.8600646026886719,Mango Ripe vs Orange Ripe,B
orange_ripe,orange,ripe,81.9853,73.5628,46.8267,0.8972681578616147,Mango Ripe vs Orange Ripe,B
orange_ripe,orange,ripe,189.2087,168.7334,142.8512,0.8917845696747319,Mango Ripe vs Orange Ripe,B
orange_ripe,orange,ripe,118.2046,106.1701,79.9145,0.8981892337676434,Mango Ripe vs Orange Ripe,B
orange_ripe,orange,ripe,244.1964,186.9646,123.4151,0.7656320864450413,Mango Ripe vs Orange Ripe,B
orange_ripe,orange,ripe,150.2231,124.8162,107.0689,0.8308722105263957,Mango Ripe vs Orange Ripe,B
orange_ripe,orange,ripe,125.8851,123.2991,111.13,0.9794574498534183,Mango Ripe vs Orange Ripe,B
orange_ripe,orange,ripe,160.4918,140.7806,124.602,0.8771825047935002,Mango Ripe vs Orange Ripe,B
orange_ripe,orange,ripe,80.6831,74.4338,50.9044,0.9225451064405669,Mango Ripe vs Orange Ripe,B
orange_ripe,orange,ripe,123.9392,127.8858,115.3902,1.0318430243874173,Mango Ripe vs Orange Ripe,B
orange_ripe,orange,ripe,85.6711,94.1601,88.0878,1.0990882444711432,Mango Ripe vs Orange Ripe,B
orange_ripe,orange,ripe,189.6002,150.3893,145.9069,0.7931916696649494,Mango Ripe vs Orange Ripe,B
orange_ripe,orange,ripe,172.7673,147.651,125.1141,0.8546235262423878,Mango Ripe vs Orange Ripe,B
orange_ripe,orange,ripe,172.7113,152.2352,127.8616,0.8814431894065808,Mango Ripe vs Orange Ripe,B
orange_ripe,orange,ripe,150.8122,126.8094,102.9274,0.8408431092388872,Mango Ripe vs Orange Ripe,B
orange_ripe,orange,ripe,194.2334,151.6163,140.637,0.7805881955390361,Mango Ripe vs Orange Ripe,B
orange_ripe,orange,ripe,83.4934,75.2447,51.3949,0.9012053539416846,Mango Ripe vs Orange Ripe,B
orange_ripe,orange,ripe,151.8273,128.1772,108.888,0.8442302481554355,Mango Ripe vs Orange Ripe,B
orange_ripe,orange,ripe,230.0917,173.858,136.7298,0.7556030888745527,Mango Ripe vs Orange Ripe,B
orange_ripe,orange,ripe,177.4513,150.8947,131.4066,0.8503442868531012,Mango Ripe vs Orange Ripe,B
orange_ripe,orange,ripe,198.5323,154.9639,136.8343,0.7805475442507464,Mango Ripe vs Orange Ripe,B
orange_ripe,orange,ripe,141.5599,143.8759,115.9006,1.0163605582063808,Mango Ripe vs Orange Ripe,B
orange_ripe,orange,ripe,174.6427,157.4288,134.2433,0.9014336075803134,Mango Ripe vs Orange Ripe,B
orange_ripe,orange,ripe,186.051,163.372,140.0699,0.878103311037816,Mango Ripe vs Orange Ripe,B
mango_unripe,mango,unripe,232.0836,238.7169,223.843,1.028581506713178,Mango Unripe vs Tomato Unripe,A
mango_unripe,mango,unripe,213.1874,217.497,195.6765,1.0202150735915205,Mango Unripe vs Tomato Unripe,A
mango_unripe,mango,unripe,226.5855,236.0456,222.7304,1.0417506811258854,Mango Unripe vs Tomato Unripe,A
mango_unripe,mango,unripe,133.4541,140.1311,105.9592,1.050032175481816,Mango Unripe vs Tomato Unripe,A
mango_unripe,mango,unripe,232.0546,234.9007,222.0467,1.0122647815976724,Mango Unripe vs Tomato Unripe,A
mango_unripe,mango,unripe,223.1225,232.4945,218.2832,1.042003827305611,Mango Unripe vs Tomato Unripe,A
mango_unripe,mango,unripe,112.2947,129.108,46.6584,1.1497247764166538,Mango Unripe vs Tomato Unripe,A
mango_unripe,mango,unripe,226.8299,236.8705,222.5756,1.0442648828736207,Mango Unripe vs Tomato Unripe,A
mango_unripe,mango,unripe,223.936,233.9046,217.8291,1.044515392592011,Mango Unripe vs Tomato Unripe,A
mango_unripe,mango,unripe,232.4136,239.409,229.3157,1.030098922652982,Mango Unripe vs Tomato Unripe,A
mango_unripe,mango,unripe,152.2398,158.5515,114.0016,1.0414589283389828,Mango Unripe vs Tomato Unripe,A
mango_unripe,mango,unripe,230.0573,237.8141,223.8059,1.0337168130125982,Mango Unripe vs Tomato Unripe,A
mango_unripe,mango,unripe,226.9234,236.0712,218.9756,1.0403122770048736,Mango Unripe vs Tomato Unripe,A
mango_unripe,mango,unripe,110.2039,108.3373,29.7956,0.9830622964971085,Mango Unripe vs Tomato Unripe,A
mango_unripe,mango,unripe,90.2768,102.8784,28.2404,1.1395884530733429,Mango Unripe vs Tomato Unripe,A
mango_unripe,mango,unripe,154.3067,150.0814,122.551,0.9726175145174025,Mango Unripe vs Tomato Unripe,A
mango_unripe,mango,unripe,229.7074,233.8639,218.0534,1.018094754378419,Mango Unripe vs Tomato Unripe,A
mango_unripe,mango,unripe,236.2308,237.0453,230.698,1.0034478950101007,Mango Unripe vs Tomato Unripe,A
mango_unripe,mango,unripe,235.7432,241.8155,226.0992,1.025758108714236,Mango Unripe vs Tomato Unripe,A
mango_unripe,mango,unripe,235.2601,240.6472,225.8912,1.022898481200601,Mango Unripe vs Tomato Unripe,A
mango_unripe,mango,unripe,224.8925,232.1629,215.3137,1.0323283300584576,Mango Unripe vs Tomato Unripe,A
mango_unripe,mango,unripe,225.9184,234.5951,224.1029,1.038406340349408,Mango Unripe vs Tomato Unripe,A
mango_unripe,mango,unripe,224.0037,233.3007,216.236,1.0415037740827326,Mango Unripe vs Tomato Unripe,A
mango_unripe,mango,unripe,233.2372,235.6065,226.8689,1.0101583237572809,Mango Unripe vs Tomato Unripe,A
mango_unripe,mango,unripe,228.4121,236.0412,216.5591,1.033400590277833,Mango Unripe vs Tomato Unripe,A
mango_unripe,mango,unripe,192.1763,177.184,142.9541,0.9219867334214118,Mango Unripe vs Tomato Unripe,A
mango_unripe,mango,unripe,226.7638,234.0273,219.2558,1.0320311221101819,Mango Unripe vs Tomato Unripe,A
mango_unripe,mango,unripe,235.4945,243.1976,220.3249,1.0327103136900848,Mango Unripe vs Tomato Unripe,A
mango_unripe,mango,unripe,239.3192,242.7502,226.8526,1.0143364969700028,Mango Unripe vs Tomato Unripe,A
mango_unripe,mango,unripe,226.5144,232.7815,213.2967,1.0276675521394334,Mango Unripe vs Tomato Unripe,A
mango_unripe,mango,unripe,214.3175,220.7538,209.9644,1.0300316071714555,Mango Unripe vs Tomato Unripe,A
mango_unripe,mango,unripe,230.1109,240.0622,217.9293,1.0432456652716335,Mango Unripe vs Tomato Unripe,A
mango_unripe,mango,unripe,234.7167,241.4036,224.9899,1.0284892339211942,Mango Unripe vs Tomato Unripe,A
mango_unripe,mango,unripe,237.2868,243.6524,230.7026,1.0268266038109721,Mango Unripe vs Tomato Unripe,A
mango_unripe,mango,unripe,227.5654,236.3619,212.0416,1.0386548173023895,Mango Unripe vs Tomato Unripe,A
mango_unripe,mango,unripe,97.8112,88.8609,43.6505,0.9084941099946212,Mango Unripe vs Tomato Unripe,A
mango_unripe,mango,unripe,229.3,236.8759,217.7502,1.0330392453857862,Mango Unripe vs Tomato Unripe,A
mango_unripe,mango,unripe,125.9222,132.0153,104.4091,1.0483878057372902,Mango Unripe vs Tomato Unripe,A
mango_unripe,mango,unripe,230.719,238.294,219.6054,1.0328321419873001,Mango Unripe vs Tomato Unripe,A
mango_unripe,mango,unripe,118.0358,136.5987,67.5137,1.1572649894585798,Mango Unripe vs Tomato Unripe,A
mango_unripe,mango,unripe,229.7269,237.4218,220.1181,1.0334958551501985,Mango Unripe vs Tomato Unripe,A
mango_unripe,mango,unripe,229.0252,236.2649,218.479,1.0316109273930951,Mango Unripe vs Tomato Unripe,A
mango_unripe,mango,unripe,234.0901,240.8525,224.8382,1.0288880177808115,Mango Unripe vs Tomato Unripe,A
mango_unripe,mango,unripe,229.5552,236.1914,214.5968,1.0289089463932468,Mango Unripe vs Tomato Unripe,A
mango_unripe,mango,unripe,226.7013,232.6857,215.928,1.0263977267602888,Mango Unripe vs Tomato Unripe,A
mango_unripe,mango,unripe,228.0894,236.7973,220.6314,1.0381775696802324,Mango Unripe vs Tomato Unripe,A
mango_unripe,mango,unripe,235.2364,240.7755,226.2151,1.0235469467159548,Mango Unripe vs Tomato Unripe,A
mango_unripe,mango,unripe,231.3204,240.2977,227.7145,1.0388089375653469,Mango Unripe vs Tomato Unripe,A
mango_unripe,mango,unripe,236.2539,241.0622,228.6152,1.0203522522999524,Mango Unripe vs Tomato Unripe,A
mango_unripe,mango,unripe,234.1689,241.6765,226.0085,1.0320606150856897,Mango Unripe vs Tomato Unripe,A
mango_unripe,mango,unripe,227.2465,235.2971,220.5603,1.0354267236880361,Mango Unripe vs Tomato Unripe,A
mango_unripe,mango,unripe,228.624,235.2498,221.9278,1.0289812048210984,Mango Unripe vs Tomato Unripe,A
mango_unripe,mango,unripe,215.8516,208.1992,174.0813,0.9645478608240668,Mango Unripe vs Tomato Unripe,A
mango_unripe,mango,unripe,204.5676,212.2848,184.2615,1.0377244439602145,Mango Unripe vs Tomato Unripe,A
mango_unripe,mango,unripe,230.4411,235.454,211.3588,1.0217534935315207,Mango Unripe vs Tomato Unripe,A
mango_unripe,mango,unripe,221.5968,233.9494,208.8815,1.0557435799806514,Mango Unripe vs Tomato Unripe,A
mango_unripe,mango,unripe,230.2268,237.5927,224.7712,1.0319940987235452,Mango Unripe vs Tomato Unripe,A
mango_unripe,mango,unripe,232.3908,236.9753,216.076,1.019727540764404,Mango Unripe vs Tomato Unripe,A
mango_unripe,mango,unripe,214.845,228.1437,198.6122,1.0618990385538456,Mango Unripe vs Tomato Unripe,A
mango_unripe,mango,unripe,224.2916,232.9678,216.0079,1.0386826745242237,Mango Unripe vs Tomato Unripe,A
mango_unripe,mango,unripe,151.6679,160.2789,128.8648,1.0567753555183703,Mango Unripe vs Tomato Unripe,A
mango_unripe,mango,unripe,225.4298,234.7809,218.4572,1.0414812015027242,Mango Unripe vs Tomato Unripe,A
mango_unripe,mango,unripe,231.2935,235.8578,218.3201,1.0197337970166314,Mango Unripe vs Tomato Unripe,A
mango_unripe,mango,unripe,232.7648,239.633,229.0475,1.0295070344420332,Mango Unripe vs Tomato Unripe,A
mango_unripe,mango,unripe,204.8823,222.7763,183.4373,1.0873379443351723,Mango Unripe vs Tomato Unripe,A
mango_unripe,mango,unripe,232.2737,236.7912,219.3372,1.0194490335347952,Mango Unripe vs Tomato Unripe,A
mango_unripe,mango,unripe,231.2317,241.8114,218.5883,1.0457536702547545,Mango Unripe vs Tomato Unripe,A
mango_unripe,mango,unripe,237.7034,244.3483,232.4903,1.0279545810957917,Mango Unripe vs Tomato Unripe,A
mango_unripe,mango,unripe,225.4287,234.2621,212.7884,1.0391848906586212,Mango Unripe vs Tomato Unripe,A
mango_unripe,mango,unripe,222.2418,230.7582,217.7588,1.0383204192986177,Mango Unripe vs Tomato Unripe,A
mango_unripe,mango,unripe,229.9806,235.8023,216.7711,1.0253138698424393,Mango Unripe vs Tomato Unripe,A
mango_unripe,mango,unripe,233.9725,240.4068,227.024,1.0275002360213263,Mango Unripe vs Tomato Unripe,A
mango_unripe,mango,unripe,230.2605,235.8029,221.1006,1.0240701248191932,Mango Unripe vs Tomato Unripe,A
mango_unripe,mango,unripe,234.6812,236.4108,230.2253,1.0073699938155678,Mango Unripe vs Tomato Unripe,A
mango_unripe,mango,unripe,236.6959,243.1501,227.9006,1.0272678951039376,Mango Unripe vs Tomato Unripe,A
mango_unripe,mango,unripe,231.4581,239.6781,222.6875,1.0355139827229465,Mango Unripe vs Tomato Unripe,A
mango_unripe,mango,unripe,231.0601,238.1521,220.7018,1.0306933086643115,Mango Unripe vs Tomato Unripe,A
mango_unripe,mango,unripe,231.5625,236.0783,223.388,1.01950142609662,Mango Unripe vs Tomato Unripe,A
mango_unripe,mango,unripe,235.5092,240.3141,224.9894,1.0204021710387443,Mango Unripe vs Tomato Unripe,A
mango_unripe,mango,unripe,223.1628,230.0204,210.3758,1.0307291312408289,Mango Unripe vs Tomato Unripe,A
tomato_unripe,tomato,unripe,140.5946,158.0426,99.2923,1.1241014866566603,Mango Unripe vs Tomato Unripe,B
tomato_unripe,tomato,unripe,129.8433,139.6246,52.2714,1.0753315644678503,Mango Unripe vs Tomato Unripe,B
tomato_unripe,tomato,unripe,60.6559,61.2234,45.421,1.0093560394066192,Mango Unripe vs Tomato Unripe,B
tomato_unripe,tomato,unripe,178.7884,186.7192,156.202,1.0443585767065504,Mango Unripe vs Tomato Unripe,B
tomato_unripe,tomato,unripe,101.6329,94.9899,22.4415,0.9346372982111374,Mango Unripe vs Tomato Unripe,B
tomato_unripe,tomato,unripe,215.1636,223.7564,182.5245,1.039936118191292,Mango Unripe vs Tomato Unripe,B
tomato_unripe,tomato,unripe,166.229,170.1291,151.2539,1.0234622056111615,Mango Unripe vs Tomato Unripe,B
tomato_unripe,tomato,unripe,139.2394,162.6593,94.6944,1.1681987916624261,Mango Unripe vs Tomato Unripe,B
tomato_unripe,tomato,unripe,126.8685,144.9838,60.8104,1.1427879958950569,Mango Unripe vs Tomato Unripe,B
tomato_unripe,tomato,unripe,105.285,101.9011,89.7104,0.967859609936272,Mango Unripe vs Tomato Unripe,B
tomato_unripe,tomato,unripe,114.2782,131.76,55.5285,1.152975798070185,Mango Unripe vs Tomato Unripe,B
tomato_unripe,tomato,unripe,155.622,154.8497,139.459,0.9950373276590885,Mango Unripe vs Tomato Unripe,B
tomato_unripe,tomato,unripe,132.3402,144.329,89.3354,1.0905907570746398,Mango Unripe vs Tomato Unripe,B
tomato_unripe,tomato,unripe,158.0459,147.7216,118.0819,0.9346753004369281,Mango Unripe vs Tomato Unripe,B
tomato_unripe,tomato,unripe,107.6758,109.1065,47.8459,1.0132870987418985,Mango Unripe vs Tomato Unripe,B
tomato_unripe,tomato,unripe,146.9401,156.0977,127.2938,1.062321986562402,Mango Unripe vs Tomato Unripe,B
tomato_unripe,tomato,unripe,151.3481,156.4503,148.9852,1.033711681654995,Mango Unripe vs Tomato Unripe,B
tomato_unripe,tomato,unripe,165.0249,168.2734,151.126,1.0196849019773082,Mango Unripe vs Tomato Unripe,B
tomato_unripe,tomato,unripe,153.7419,154.9296,143.1049,1.007725278484751,Mango Unripe vs Tomato Unripe,B
tomato_unripe,tomato,unripe,153.8384,149.5743,139.91,0.9722819466902805,Mango Unripe vs Tomato Unripe,B
tomato_unripe,tomato,unripe,234.5299,235.9831,205.6556,1.0061962205834045,Mango Unripe vs Tomato Unripe,B
tomato_unripe,tomato,unripe,160.6029,148.6751,131.3932,0.9257310987178244,Mango Unripe vs Tomato Unripe,B
tomato_unripe,tomato,unripe,154.0758,151.119,111.7631,0.9808094393745843,Mango Unripe vs Tomato Unripe,B
tomato_unripe,tomato,unripe,165.4778,160.0391,130.4092,0.9671333498080507,Mango Unripe vs Tomato Unripe,B
tomato_unripe,tomato,unripe,153.0031,153.0663,144.6642,1.000413056987649,Mango Unripe vs Tomato Unripe,B
tomato_unripe,tomato,unripe,185.6968,173.1793,151.5592,0.9325917251530899,Mango Unripe vs Tomato Unripe,B
tomato_unripe,tomato,unripe,167.3483,166.8531,152.3761,0.997040896160637,Mango Unripe vs Tomato Unripe,B
tomato_unripe,tomato,unripe,190.8643,175.9902,152.3604,0.9220697588702038,Mango Unripe vs Tomato Unripe,B
tomato_unripe,tomato,unripe,199.0678,218.1238,164.7213,1.0957261742194058,Mango Unripe vs Tomato Unripe,B
tomato_unripe,tomato,unripe,223.4386,229.6964,200.0597,1.0280067945824634,Mango Unripe vs Tomato Unripe,B
tomato_unripe,tomato,unripe,157.9632,157.87,155.2301,0.9994099828351795,Mango Unripe vs Tomato Unripe,B
tomato_unripe,tomato,unripe,168.9412,165.0089,124.9246,0.9767238484352908,Mango Unripe vs Tomato Unripe,B
tomato_unripe,tomato,unripe,152.9793,149.9196,119.7895,0.9799992483950493,Mango Unripe vs Tomato Unripe,B
tomato_unripe,tomato,unripe,142.5653,148.9507,75.3829,1.0447892927325984,Mango Unripe vs Tomato Unripe,B
tomato_unripe,tomato,unripe,226.0038,233.2144,196.9072,1.0319047687166996,Mango Unripe vs Tomato Unripe,B
tomato_unripe,tomato,unripe,167.1345,168.1332,152.4947,1.0059754209575196,Mango Unripe vs Tomato Unripe,B
tomato_unripe,tomato,unripe,173.9715,165.37,153.5702,0.9505579882304976,Mango Unripe vs Tomato Unripe,B
tomato_unripe,tomato,unripe,157.0732,160.4792,147.0759,1.0216841509456471,Mango Unripe vs Tomato Unripe,B
tomato_unripe,tomato,unripe,129.233,128.8902,88.672,0.9973474190234117,Mango Unripe vs Tomato Unripe,B
tomato_unripe,tomato,unripe,153.21,151.0091,150.5567,0.9856347432567407,Mango Unripe vs Tomato Unripe,B
tomato_unripe,tomato,unripe,215.1602,220.2914,195.8555,1.0238482720138378,Mango Unripe vs Tomato Unripe,B
tomato_unripe,tomato,unripe,129.7106,95.3812,62.3475,0.7353385094561393,Mango Unripe vs Tomato Unripe,B
tomato_unripe,tomato,unripe,69.6577,83.9797,33.0525,1.2056053931495672,Mango Unripe vs Tomato Unripe,B
tomato_unripe,tomato,unripe,150.8291,148.6135,128.6421,0.9853105204147572,Mango Unripe vs Tomato Unripe,B
tomato_unripe,tomato,unripe,109.4399,106.3117,95.7196,0.9714162661751677,Mango Unripe vs Tomato Unripe,B
tomato_unripe,tomato,unripe,105.2609,118.3975,13.4596,1.1248003662822532,Mango Unripe vs Tomato Unripe,B
tomato_unripe,tomato,unripe,169.9762,162.0896,114.6184,0.9536017339274454,Mango Unripe vs Tomato Unripe,B
tomato_unripe,tomato,unripe,185.8161,176.1165,156.1387,0.9477999971595572,Mango Unripe vs Tomato Unripe,B
tomato_unripe,tomato,unripe,94.0671,95.8366,73.5202,1.018811029373596,Mango Unripe vs Tomato Unripe,B
tomato_unripe,tomato,unripe,190.5659,179.4236,159.4198,0.9415304577496264,Mango Unripe vs Tomato Unripe,B
tomato_unripe,tomato,unripe,212.1382,211.4457,130.0907,0.9967356138746551,Mango Unripe vs Tomato Unripe,B
tomato_unripe,tomato,unripe,145.5335,149.6882,118.6956,1.0285480591853555,Mango Unripe vs Tomato Unripe,B
tomato_unripe,tomato,unripe,217.1599,221.4113,199.9797,1.0195772745355969,Mango Unripe vs Tomato Unripe,B
tomato_unripe,tomato,unripe,148.3355,145.9941,87.4453,0.9842155048237576,Mango Unripe vs Tomato Unripe,B
tomato_unripe,tomato,unripe,159.5451,157.3198,143.0673,0.9860522135367854,Mango Unripe vs Tomato Unripe,B
tomato_unripe,tomato,unripe,77.9296,105.2136,52.1524,1.3501108519726672,Mango Unripe vs Tomato Unripe,B
tomato_unripe,tomato,unripe,151.9201,155.356,144.87,1.0226164870703978,Mango Unripe vs Tomato Unripe,B
tomato_unripe,tomato,unripe,173.9059,168.9702,135.7481,0.9716185536452844,Mango Unripe vs Tomato Unripe,B
tomato_unripe,tomato,unripe,38.114,69.2567,7.4966,1.8170934087974653,Mango Unripe vs Tomato Unripe,B
tomato_unripe,tomato,unripe,135.0666,148.6544,54.1357,1.1006007325230611,Mango Unripe vs Tomato Unripe,B
tomato_unripe,tomato,unripe,155.1306,154.7088,140.2002,0.9972809942249886,Mango Unripe vs Tomato Unripe,B
tomato_unripe,tomato,unripe,174.643,171.4094,155.9719,0.9814845085031493,Mango Unripe vs Tomato Unripe,B
tomato_unripe,tomato,unripe,154.216,155.1565,145.0152,1.006098582468106,Mango Unripe vs Tomato Unripe,B
tomato_unripe,tomato,unripe,147.2037,147.0933,130.0185,0.9992500120632157,Mango Unripe vs Tomato Unripe,B
tomato_unripe,tomato,unripe,94.4683,84.0215,36.2989,0.8894147466460735,Mango Unripe vs Tomato Unripe,B
tomato_unripe,tomato,unripe,83.5803,116.5733,30.9737,1.3947461136805432,Mango Unripe vs Tomato Unripe,B
tomato_unripe,tomato,unripe,146.491,150.6948,140.5475,1.0286966364575525,Mango Unripe vs Tomato Unripe,B
tomato_unripe,tomato,unripe,191.0689,179.9923,161.1819,0.9420282372378328,Mango Unripe vs Tomato Unripe,B
tomato_unripe,tomato,unripe,153.852,156.4465,142.851,1.0168636025734887,Mango Unripe vs Tomato Unripe,B
tomato_unripe,tomato,unripe,142.5882,138.0418,111.2484,0.9681151668362797,Mango Unripe vs Tomato Unripe,B
tomato_unripe,tomato,unripe,166.4069,169.2266,156.1226,1.0169446037577492,Mango Unripe vs Tomato Unripe,B
tomato_unripe,tomato,unripe,152.9648,156.4002,146.2164,1.0224587550700637,Mango Unripe vs Tomato Unripe,B
tomato_unripe,tomato,unripe,149.2773,161.3443,127.3329,1.0808361279254373,Mango Unripe vs Tomato Unripe,B
tomato_unripe,tomato,unripe,152.5037,154.372,141.8211,1.012250843669689,Mango Unripe vs Tomato Unripe,B
tomato_unripe,tomato,unripe,147.3205,151.0284,141.5083,1.0251689274393656,Mango Unripe vs Tomato Unripe,B
tomato_unripe,tomato,unripe,154.6116,156.7956,145.6053,1.0141257123390113,Mango Unripe vs Tomato Unripe,B
tomato_unripe,tomato,unripe,179.9083,179.1321,191.8288,0.9956855742859804,Mango Unripe vs Tomato Unripe,B
tomato_unripe,tomato,unripe,165.0174,163.7104,139.5101,0.9920796171065619,Mango Unripe vs Tomato Unripe,B
tomato_unripe,tomato,unripe,159.1728,158.0446,141.612,0.9929120993479282,Mango Unripe vs Tomato Unripe,B
tomato_unripe,tomato,unripe,98.0958,120.488,62.3003,1.2282686799203566,Mango Unripe vs Tomato Unripe,B
paprika_ripe,paprika,ripe,116.438,62.5877,68.1708,0.5375195336787,Paprika Ripe vs Banana Unripe,A
paprika_ripe,paprika,ripe,212.9497,116.2411,93.9646,0.54586176667137,Paprika Ripe vs Banana Unripe,A
paprika_ripe,paprika,ripe,175.216,89.8108,35.1222,0.512571908315611,Paprika Ripe vs Banana Unripe,A
paprika_ripe,paprika,ripe,242.7128,185.3565,181.5058,0.7636865432573539,Paprika Ripe vs Banana Unripe,A
paprika_ripe,paprika,ripe,156.8341,85.3256,76.3737,0.5440500468708651,Paprika Ripe vs Banana Unripe,A
paprika_ripe,paprika,ripe,226.5632,175.5375,182.54,0.7747838096620112,Paprika Ripe vs Banana Unripe,A
paprika_ripe,paprika,ripe,55.1682,17.9654,25.6736,0.3256477404438111,Paprika Ripe vs Banana Unripe,A
paprika_ripe,paprika,ripe,90.7246,67.7477,19.1525,0.7467401261979648,Paprika Ripe vs Banana Unripe,A
paprika_ripe,paprika,ripe,180.133,107.457,98.1428,0.5965425513562614,Paprika Ripe vs Banana Unripe,A
paprika_ripe,paprika,ripe,67.292,34.0845,30.2667,0.5065163688623259,Paprika Ripe vs Banana Unripe,A
paprika_ripe,paprika,ripe,149.7736,45.608,47.5551,0.3045129428383043,Paprika Ripe vs Banana Unripe,A
paprika_ripe,paprika,ripe,242.0482,213.3119,209.201,0.8812786011989405,Paprika Ripe vs Banana Unripe,A
paprika_ripe,paprika,ripe,132.0547,107.3478,107.4323,0.8129040404248843,Paprika Ripe vs Banana Unripe,A
paprika_ripe,paprika,ripe,237.1222,164.1326,158.823,0.6921857139812901,Paprika Ripe vs Banana Unripe,A
paprika_ripe,paprika,ripe,245.0993,191.7794,191.9049,0.7824559238543076,Paprika Ripe vs Banana Unripe,A
paprika_ripe,paprika,ripe,226.8472,153.4178,155.4438,0.6763045756072609,Paprika Ripe vs Banana Unripe,A
paprika_ripe,paprika,ripe,149.028,97.5693,90.0868,0.6547044806700454,Paprika Ripe vs Banana Unripe,A
paprika_ripe,paprika,ripe,152.4831,81.2141,61.7331,0.5326104956378084,Paprika Ripe vs Banana Unripe,A
paprika_ripe,paprika,ripe,111.5337,69.3002,68.5758,0.6213386570934287,Paprika Ripe vs Banana Unripe,A
paprika_ripe,paprika,ripe,205.321,169.4865,167.2256,0.8254708440662629,Paprika Ripe vs Banana Unripe,A
paprika_ripe,paprika,ripe,237.546,161.911,160.4497,0.6815985085768714,Paprika Ripe vs Banana Unripe,A
paprika_ripe,paprika,ripe,137.6066,44.8463,32.2978,0.3259022435994913,Paprika Ripe vs Banana Unripe,A
paprika_ripe,paprika,ripe,152.9954,43.1448,31.8382,0.28200063347002174,Paprika Ripe vs Banana Unripe,A
paprika_ripe,paprika,ripe,114.188,103.9675,67.5782,0.9104940894796818,Paprika Ripe vs Banana Unripe,A
paprika_ripe,paprika,ripe,232.448,196.245,188.6703,0.8442533347490478,Paprika Ripe vs Banana Unripe,A
paprika_ripe,paprika,ripe,210.4733,134.1161,124.2025,0.6372119378694973,Paprika Ripe vs Banana Unripe,A
paprika_ripe,paprika,ripe,239.7984,224.9583,224.5739,0.9381142620713306,Paprika Ripe vs Banana Unripe,A
paprika_ripe,paprika,ripe,212.7913,152.1985,153.2401,0.7152477534784187,Paprika Ripe vs Banana Unripe,A
paprika_ripe,paprika,ripe,239.3843,188.1522,174.3174,0.7859838728522135,Paprika Ripe vs Banana Unripe,A
paprika_ripe,paprika,ripe,91.7363,55.5611,57.8098,0.6056610021805872,Paprika Ripe vs Banana Unripe,A
paprika_ripe,paprika,ripe,150.3881,88.1552,68.1286,0.5861846742781863,Paprika Ripe vs Banana Unripe,A
paprika_ripe,paprika,ripe,46.7056,5.5015,1.7651,0.11779101183175013,Paprika Ripe vs Banana Unripe,A
paprika_ripe,paprika,ripe,241.7684,71.0975,18.3933,0.29407275601744165,Paprika Ripe vs Banana Unripe,A
paprika_ripe,paprika,ripe,152.8364,64.6018,46.7183,0.4226859542446305,Paprika Ripe vs Banana Unripe,A
paprika_ripe,paprika,ripe,91.3684,41.1044,17.5779,0.44987544435630433,Paprika Ripe vs Banana Unripe,A
paprika_ripe,paprika,ripe,239.7123,171.2793,166.675,0.714520278206332,Paprika Ripe vs Banana Unripe,A
paprika_ripe,paprika,ripe,21.5784,5.6842,5.2801,0.2634208160280273,Paprika Ripe vs Banana Unripe,A
paprika_ripe,paprika,ripe,227.8519,152.5385,152.9902,0.6694633633976133,Paprika Ripe vs Banana Unripe,A
paprika_ripe,paprika,ripe,58.5049,17.4763,7.1877,0.2987151452491134,Paprika Ripe vs Banana Unripe,A
paprika_ripe,paprika,ripe,87.3261,17.0747,14.8891,0.1955280243188689,Paprika Ripe vs Banana Unripe,A
paprika_ripe,paprika,ripe,207.2615,174.1969,169.8611,0.840469161708908,Paprika Ripe vs Banana Unripe,A
paprika_ripe,paprika,ripe,231.1342,187.4717,185.9073,0.8110945900213185,Paprika Ripe vs Banana Unripe,A
paprika_ripe,paprika,ripe,156.0853,64.6259,33.0298,0.41404219094275896,Paprika Ripe vs Banana Unripe,A
paprika_ripe,paprika,ripe,245.6832,180.7435,175.1054,0.73567708033892,Paprika Ripe vs Banana Unripe,A
paprika_ripe,paprika,ripe,40.3964,18.5916,19.5998,0.46022911793553095,Paprika Ripe vs Banana Unripe,A
paprika_ripe,paprika,ripe,113.1149,48.9239,53.6544,0.43251507597571076,Paprika Ripe vs Banana Unripe,A
paprika_ripe,paprika,ripe,229.1831,170.6484,166.0769,0.7445941662164699,Paprika Ripe vs Banana Unripe,A
paprika_ripe,paprika,ripe,169.2942,102.0505,72.5909,0.6027997379544029,Paprika Ripe vs Banana Unripe,A
paprika_ripe,paprika,ripe,155.1661,45.1253,47.3435,0.29081932012972345,Paprika Ripe vs Banana Unripe,A
paprika_ripe,paprika,ripe,209.3004,196.7857,196.3538,0.9402069898566511,Paprika Ripe vs Banana Unripe,A
paprika_ripe,paprika,ripe,237.3326,171.2848,170.1749,0.7217078449327743,Paprika Ripe vs Banana Unripe,A
paprika_ripe,paprika,ripe,214.1207,142.1503,142.6265,0.6638792948842438,Paprika Ripe vs Banana Unripe,A
paprika_ripe,paprika,ripe,160.5853,64.1229,47.9286,0.3993074060993914,Paprika Ripe vs Banana Unripe,A
paprika_ripe,paprika,ripe,232.3212,161.2081,157.5867,0.6939018019280987,Paprika Ripe vs Banana Unripe,A
paprika_ripe,paprika,ripe,187.1215,54.3967,38.1833,0.290702563357484,Paprika Ripe vs Banana Unripe,A
paprika_ripe,paprika,ripe,144.7365,39.9068,17.4343,0.2757203588885985,Paprika Ripe vs Banana Unripe,A
paprika_ripe,paprika,ripe,228.7625,176.8393,175.9099,0.7730257329194002,Paprika Ripe vs Banana Unripe,A
paprika_ripe,paprika,ripe,136.3685,63.1908,48.6955,0.46338266928665583,Paprika Ripe vs Banana Unripe,A
paprika_ripe,paprika,ripe,239.751,169.076,170.1094,0.7052149909480461,Paprika Ripe vs Banana Unripe,A
paprika_ripe,paprika,ripe,126.5619,84.7745,51.8141,0.6698263800572971,Paprika Ripe vs Banana Unripe,A
paprika_ripe,paprika,ripe,123.4425,72.0922,41.4774,0.5840144149380124,Paprika Ripe vs Banana Unripe,A
paprika_ripe,paprika,ripe,62.4457,15.904,15.4917,0.2546852664845575,Paprika Ripe vs Banana Unripe,A
paprika_ripe,paprika,ripe,145.1956,60.0652,44.8396,0.41368470935975526,Paprika Ripe vs Banana Unripe,A
paprika_ripe,paprika,ripe,74.6434,19.3277,17.9347,0.2589338071559735,Paprika Ripe vs Banana Unripe,A
paprika_ripe,paprika,ripe,135.6798,94.6361,73.4457,0.697495863809529,Paprika Ripe vs Banana Unripe,A
paprika_ripe,paprika,ripe,179.3959,129.6788,118.6157,0.7228637849423326,Paprika Ripe vs Banana Unripe,A
paprika_ripe,paprika,ripe,222.8747,171.7337,171.6748,0.7705392277789304,Paprika Ripe vs Banana Unripe,A
paprika_ripe,paprika,ripe,207.4756,165.1636,167.6709,0.7960627620979877,Paprika Ripe vs Banana Unripe,A
paprika_ripe,paprika,ripe,228.7665,209.141,205.8131,0.9142116484965602,Paprika Ripe vs Banana Unripe,A
paprika_ripe,paprika,ripe,194.5817,126.4638,118.8777,0.6499264799828223,Paprika Ripe vs Banana Unripe,A
paprika_ripe,paprika,ripe,184.7097,153.9848,150.1822,0.8336584335654358,Paprika Ripe vs Banana Unripe,A
paprika_ripe,paprika,ripe,218.2123,147.0607,146.2815,0.6739340510414213,Paprika Ripe vs Banana Unripe,A
paprika_ripe,paprika,ripe,197.2129,148.0487,146.6605,0.7507049450076291,Paprika Ripe vs Banana Unripe,A
paprika_ripe,paprika,ripe,124.9931,110.6251,81.4691,0.8850496476601537,Paprika Ripe vs Banana Unripe,A
paprika_ripe,paprika,ripe,150.4572,104.3428,69.7528,0.6935048592323607,Paprika Ripe vs Banana Unripe,A
paprika_ripe,paprika,ripe,154.6046,50.2357,34.099,0.32493017462009427,Paprika Ripe vs Banana Unripe,A
paprika_ripe,paprika,ripe,137.6407,104.7006,75.0853,0.7606805199284766,Paprika Ripe vs Banana Unripe,A
paprika_ripe,paprika,ripe,33.5396,6.0946,3.9402,0.1817135510944212,Paprika Ripe vs Banana Unripe,A
paprika_ripe,paprika,ripe,154.6046,50.2357,34.099,0.32493017462009427,Paprika Ripe vs Banana Unripe,A
paprika_ripe,paprika,ripe,233.1349,184.2167,182.3643,0.7901721244216455,Paprika Ripe vs Banana Unripe,A
banana_unripe,banana,unripe,182.2615,169.0806,116.8165,0.9276813757832489,Paprika Ripe vs Banana Unripe,B
banana_unripe,banana,unripe,210.7088,198.328,179.4393,0.9412421268535432,Paprika Ripe vs Banana Unripe,B
banana_unripe,banana,unripe,203.2059,192.0568,171.21,0.9451339702974472,Paprika Ripe vs Banana Unripe,B
banana_unripe,banana,unripe,213.0441,202.2487,183.5805,0.9493278577096111,Paprika Ripe vs Banana Unripe,B
banana_unripe,banana,unripe,168.3984,174.2006,150.8398,1.0344551905810555,Paprika Ripe vs Banana Unripe,B
banana_unripe,banana,unripe,212.5189,215.5243,192.1074,1.0141417962631005,Paprika Ripe vs Banana Unripe,B
banana_unripe,banana,unripe,108.8334,118.2253,44.9862,1.0862961086734761,Paprika Ripe vs Banana Unripe,B
banana_unripe,banana,unripe,146.7205,155.9432,117.7459,1.0628589661099916,Paprika Ripe vs Banana Unripe,B
banana_unripe,banana,unripe,114.0432,111.3277,90.2763,0.9761888391750771,Paprika Ripe vs Banana Unripe,B
banana_unripe,banana,unripe,205.4964,194.0455,172.1289,0.9442768781142791,Paprika Ripe vs Banana Unripe,B
banana_unripe,banana,unripe,209.0895,197.797,179.3051,0.9459920228132355,Paprika Ripe vs Banana Unripe,B
banana_unripe,banana,unripe,158.4843,160.8724,114.9747,1.0150683631434259,Paprika Ripe vs Banana Unripe,B
banana_unripe,banana,unripe,160.5117,153.3567,91.7164,0.9554238042745556,Paprika Ripe vs Banana Unripe,B
banana_unripe,banana,unripe,140.0099,153.0069,102.3095,1.0928291421333125,Paprika Ripe vs Banana Unripe,B
banana_unripe,banana,unripe,215.9121,204.0311,186.9629,0.944972973052585,Paprika Ripe vs Banana Unripe,B
banana_unripe,banana,unripe,154.6529,162.5137,119.3294,1.0508286553253858,Paprika Ripe vs Banana Unripe,B
banana_unripe,banana,unripe,208.3062,196.4415,175.2707,0.943042017265727,Paprika Ripe vs Banana Unripe,B
banana_unripe,banana,unripe,107.4783,108.3808,75.5039,1.0083970344860587,Paprika Ripe vs Banana Unripe,B
banana_unripe,banana,unripe,153.8499,162.3342,125.8107,1.0551466003218295,Paprika Ripe vs Banana Unripe,B
banana_unripe,banana,unripe,115.9816,145.0182,75.039,1.2503552179797899,Paprika Ripe vs Banana Unripe,B
banana_unripe,banana,unripe,169.9921,179.7532,161.7836,1.0574208974568766,Paprika Ripe vs Banana Unripe,B
banana_unripe,banana,unripe,209.5559,196.9078,179.5687,0.9396433078732533,Paprika Ripe vs Banana Unripe,B
banana_unripe,banana,unripe,220.1899,232.6519,184.7992,1.0565965965895958,Paprika Ripe vs Banana Unripe,B
banana_unripe,banana,unripe,212.9308,201.8,181.5152,0.9477257355548107,Paprika Ripe vs Banana Unripe,B
banana_unripe,banana,unripe,83.2593,120.637,47.7444,1.4489312131025458,Paprika Ripe vs Banana Unripe,B
banana_unripe,banana,unripe,166.6973,172.7054,140.3304,1.0360419692697964,Paprika Ripe vs Banana Unripe,B
banana_unripe,banana,unripe,159.1158,168.7802,126.1041,1.0607381475583308,Paprika Ripe vs Banana Unripe,B
banana_unripe,banana,unripe,217.9686,205.8649,190.8438,0.9444704377397917,Paprika Ripe vs Banana Unripe,B
banana_unripe,banana,unripe,207.942,196.2784,186.4942,0.9439093548012939,Paprika Ripe vs Banana Unripe,B
banana_unripe,banana,unripe,210.7969,198.0281,180.1635,0.9394260497216702,Paprika Ripe vs Banana Unripe,B
banana_unripe,banana,unripe,213.1127,202.4835,182.6165,0.9501240378911063,Paprika Ripe vs Banana Unripe,B
banana_unripe,banana,unripe,209.0745,197.0721,175.7611,0.9425927076587881,Paprika Ripe vs Banana Unripe,B
banana_unripe,banana,unripe,211.0227,201.5979,178.7551,0.9553375018169254,Paprika Ripe vs Banana Unripe,B
banana_unripe,banana,unripe,164.895,172.8924,157.9271,1.048499948157919,Paprika Ripe vs Banana Unripe,B
banana_unripe,banana,unripe,131.4305,139.2496,114.8168,1.0594922711281454,Paprika Ripe vs Banana Unripe,B
banana_unripe,banana,unripe,214.0194,203.1334,183.759,0.9491354477718588,Paprika Ripe vs Banana Unripe,B
banana_unripe,banana,unripe,219.3335,226.1113,209.4312,1.030901795526439,Paprika Ripe vs Banana Unripe,B
banana_unripe,banana,unripe,210.5737,200.2893,176.0823,0.9511600881251548,Paprika Ripe vs Banana Unripe,B
banana_unripe,banana,unripe,213.7134,203.1294,184.733,0.9504757261338048,Paprika Ripe vs Banana Unripe,B
banana_unripe,banana,unripe,131.3379,135.5154,104.4089,1.0318072617895728,Paprika Ripe vs Banana Unripe,B
banana_unripe,banana,unripe,163.684,171.1233,163.1075,1.0454491517469688,Paprika Ripe vs Banana Unripe,B
banana_unripe,banana,unripe,200.8697,218.6801,154.7102,1.0886664285919359,Paprika Ripe vs Banana Unripe,B
banana_unripe,banana,unripe,214.2113,201.8629,188.8686,0.9423541104397662,Paprika Ripe vs Banana Unripe,B
banana_unripe,banana,unripe,166.8907,187.9521,93.7627,1.1261987568738177,Paprika Ripe vs Banana Unripe,B
banana_unripe,banana,unripe,211.4103,201.1175,179.7194,0.9513136259145669,Paprika Ripe vs Banana Unripe,B
banana_unripe,banana,unripe,202.6208,216.1488,188.4551,1.0667651047337434,Paprika Ripe vs Banana Unripe,B
banana_unripe,banana,unripe,157.518,166.8874,153.4798,1.0594814493614606,Paprika Ripe vs Banana Unripe,B
banana_unripe,banana,unripe,214.13,200.5491,186.3252,0.936576374461419,Paprika Ripe vs Banana Unripe,B
banana_unripe,banana,unripe,179.6886,185.0833,161.162,1.0300224887387264,Paprika Ripe vs Banana Unripe,B
banana_unripe,banana,unripe,188.3284,193.8674,186.2642,1.0294113844252308,Paprika Ripe vs Banana Unripe,B
banana_unripe,banana,unripe,169.3326,177.4379,141.4853,1.047866145988037,Paprika Ripe vs Banana Unripe,B
banana_unripe,banana,unripe,208.6333,197.3484,177.8513,0.9459103558928016,Paprika Ripe vs Banana Unripe,B
banana_unripe,banana,unripe,207.1879,195.3688,176.1867,0.9429546757172852,Paprika Ripe vs Banana Unripe,B
banana_unripe,banana,unripe,208.1182,218.6762,162.0256,1.0507307815907942,Paprika Ripe vs Banana Unripe,B
banana_unripe,banana,unripe,175.3288,181.3115,155.4443,1.034122739480777,Paprika Ripe vs Banana Unripe,B
banana_unripe,banana,unripe,216.2522,204.4654,187.767,0.9454951166023046,Paprika Ripe vs Banana Unripe,B
banana_unripe,banana,unripe,212.0869,199.4076,182.1157,0.9402164822993948,Paprika Ripe vs Banana Unripe,B
banana_unripe,banana,unripe,215.5294,218.8295,211.846,1.015311595469984,Paprika Ripe vs Banana Unripe,B
banana_unripe,banana,unripe,164.6981,174.7694,135.9896,1.061150061469136,Paprika Ripe vs Banana Unripe,B
banana_unripe,banana,unripe,209.9587,199.109,177.1529,0.9483245945591939,Paprika Ripe vs Banana Unripe,B
banana_unripe,banana,unripe,93.5964,112.0731,51.3828,1.1974082208566972,Paprika Ripe vs Banana Unripe,B
banana_unripe,banana,unripe,211.1929,199.7416,177.3692,0.9457780022634378,Paprika Ripe vs Banana Unripe,B
banana_unripe,banana,unripe,146.5861,110.9144,51.1774,0.7566501819978144,Paprika Ripe vs Banana Unripe,B
banana_unripe,banana,unripe,212.8234,203.3649,192.4304,0.955557044218084,Paprika Ripe vs Banana Unripe,B
banana_unripe,banana,unripe,212.7004,202.2059,182.7705,0.9506606430892437,Paprika Ripe vs Banana Unripe,B
banana_unripe,banana,unripe,209.2053,198.3785,175.0293,0.9482479605045955,Paprika Ripe vs Banana Unripe,B
banana_unripe,banana,unripe,196.584,204.904,194.597,1.0423228693976982,Paprika Ripe vs Banana Unripe,B
banana_unripe,banana,unripe,210.3839,198.9659,177.6445,0.9457277817089246,Paprika Ripe vs Banana Unripe,B
banana_unripe,banana,unripe,167.9961,173.0559,144.6586,1.0301185501918286,Paprika Ripe vs Banana Unripe,B
banana_unripe,banana,unripe,162.3604,169.8099,161.5836,1.0458824870726946,Paprika Ripe vs Banana Unripe,B
banana_unripe,banana,unripe,209.4849,199.366,176.5311,0.9516962752365623,Paprika Ripe vs Banana Unripe,B
banana_unripe,banana,unripe,228.8834,234.5091,204.7368,1.0245788859105602,Paprika Ripe vs Banana Unripe,B
banana_unripe,banana,unripe,209.5744,202.3247,189.2504,0.9654075069979564,Paprika Ripe vs Banana Unripe,B
banana_unripe,banana,unripe,187.2872,213.4327,155.6854,1.1396010985288845,Paprika Ripe vs Banana Unripe,B
banana_unripe,banana,unripe,194.1381,200.5521,162.8556,1.0330383318213254,Paprika Ripe vs Banana Unripe,B
banana_unripe,banana,unripe,214.1497,201.9543,184.1256,0.943051982127213,Paprika Ripe vs Banana Unripe,B
banana_unripe,banana,unripe,216.6792,219.5396,214.5061,1.0132010778459535,Paprika Ripe vs Banana Unripe,B
banana_unripe,banana,unripe,158.5626,166.6971,152.7488,1.0513014982643984,Paprika Ripe vs Banana Unripe,B
banana_unripe,banana,unripe,210.8887,201.2338,178.2362,0.9542180261236471,Paprika Ripe vs Banana Unripe,B
banana_unripe,banana,unripe,164.5471,172.2618,161.3215,1.0468844419203716,Paprika Ripe vs Banana Unripe,B
